fx,fy,fz
-5.229390258026384686e+01,-2.169185712389165133e+00,-5.460542727579208844e+01
-2.349690235270872840e+00,-5.386355948665304538e+01,-5.593079481960769073e+01
2.121869289606337361e-06,-1.483082768372057103e-06,-3.867131089478689319e+03
5.220364750995543091e+01,2.181350856317743947e+00,-5.507774297758795257e+01
2.180904143890995073e+00,5.282987106678920952e+01,-5.503761075739344477e+01
0.000000000000000000e+00,0.000000000000000000e+00,3.867131327971100291e+03
