fx,fy,fz
1.394481298490292284e+04,-2.255008659201789101e+01,-2.438426659747342740e+01
-2.389842263027794900e+01,1.394750166078330767e+04,-2.431111548063364580e+01
-2.404386927712090483e+01,-2.092735246082906997e+01,1.394611010945716589e+04
-1.394481298572908781e+04,2.345026203455819314e+01,2.366821709465878598e+01
2.226351329896623099e+01,-1.394750166110948339e+04,2.381391262540512344e+01
2.127412605829250936e+01,2.354865792923023093e+01,-1.394611010870794962e+04
