fx,fy,fz
-4.105046208046758949e+01,-1.784315701946999511e+00,-4.446536904850076155e+01
-1.935772698569343975e+00,-4.229367756482885454e+01,-4.553945682047068289e+01
1.874051885231153847e-06,-1.054922124765766966e-06,-3.126630146242722731e+03
4.096666580967799831e+01,1.796549976800060566e+00,-4.485140515398165206e+01
1.805593256580425798e+00,4.144375913221605856e+01,-4.483156566413499178e+01
0.000000000000000000e+00,0.000000000000000000e+00,3.126630411307789927e+03
