fx,fy,fz
7.200312323552629401e+00,-1.016483955341837664e+00,6.445230632078920330e+00
-1.061994454404921129e+00,7.445798103752273356e+00,6.541324164450848855e+00
8.064876604874093857e-07,8.232458812429399586e-07,-1.288710029040038989e+03
-7.228290880357652881e+00,1.058814371698140855e+00,6.445879403916283223e+00
1.027757385580435168e+00,-7.462511384088101885e+00,6.633701252437729678e+00
0.000000000000000000e+00,0.000000000000000000e+00,1.288711808642133292e+03
