fx,fy,fz
-1.142221454473631184e+02,-7.226283131319994446e+00,-1.274843124540187489e+02
-7.978663136429848812e+00,-1.172958910410028750e+02,-1.305678016694401435e+02
1.065116225884565893e-06,1.177992619005863162e-07,-1.271542917660391504e+04
1.137944166667382717e+02,7.337821713771166543e+00,-1.286458797655993180e+02
7.508543291187401714e+00,1.150936572940967011e+02,-1.287873901758369470e+02
0.000000000000000000e+00,0.000000000000000000e+00,1.271542939073484195e+04
