fx,fy,fz
-9.474313794075540500e+03,1.554050647967527965e+01,-1.056564752269181895e+00
1.586030937304759192e+01,-9.476412423275418405e+03,-1.497829034408677984e+00
1.082197152802656603e+01,1.008913121612844321e+01,9.871332403526015469e+02
9.474313807136695686e+03,-1.529343917139082265e+01,1.211430600250102074e+00
-1.519672717444942123e+01,9.476412425478645673e+03,1.494643087562351980e+00
-9.576004630652086291e+00,-1.066880881682811122e+01,-9.871332353120453718e+02
