fx,fy,fz
-1.187891351890732068e+02,-1.977055568672733443e+01,1.649593247066489710e+01
-8.112414821827783840e+00,1.283870960753169311e+04,8.212589331982862006e+00
5.257516207896317795e+00,-1.337595871829375938e+01,-1.046125725982239419e+04
1.187891351918164844e+02,1.955059724900792162e+01,-1.589214800618972134e+01
8.614432266878013778e+00,-1.283870960752778228e+04,-8.161825537132678221e+00
-5.714874717783090752e+00,1.491500355059724825e+01,1.046125725982099902e+04
