fx,fy,fz
2.012854476563920159e+01,-2.913105440716090122e+00,1.607383075499026859e+01
-3.060931214077101892e+00,2.079239654761204648e+01,1.630301052413082274e+01
2.854640124172469484e-06,3.185558626661588733e-06,-3.804303462783474515e+03
-2.021126966385863355e+01,3.033318717360334205e+00,1.606037560231020933e+01
2.957640097210594732e+00,-2.087977871869725277e+01,1.655124595929068221e+01
0.000000000000000000e+00,0.000000000000000000e+00,3.804309236145086288e+03
