fx,fy,fz
1.297523650299246401e+04,-1.758306131936868155e+01,-1.781411860181786722e+01
-1.824222896861738263e+01,1.297806296854326865e+04,-1.795531863740259837e+01
-1.780298553190493749e+01,-1.715049616628866147e+01,1.297751851550144238e+04
-1.297523650295211519e+04,1.779893409261185866e+01,1.765464011788348841e+01
1.770306348966275323e+01,-1.297806296849120736e+04,1.805611854101469760e+01
1.687081544641931430e+01,1.744680364976800035e+01,-1.297751851550497122e+04
