fx,fy,fz
-1.880376400031688900e+04,2.721105798720579116e+00,4.225684562656020660e+00
2.617594947499900115e+01,1.268835207515616275e+03,-7.203470931188444837e+00
2.485595803513427882e+01,-7.121087465487372370e+00,1.268570591198481225e+03
1.880376373295671146e+04,-2.621513701871771573e+00,-3.256577835364799611e+00
-2.391914867072696893e+01,-1.268835572646090441e+03,7.607166695057047789e+00
-2.304811873422806912e+01,6.732070118802836234e+00,-1.268569715138884249e+03
