fx,fy,fz
-6.504289054257311363e+03,5.596827920186633776e+00,6.686215918474282205e+00
1.034293189066258378e+01,-3.740340871482891089e+03,5.776527223321192395e+00
1.070612253863421870e+01,4.988771094130058259e+00,-3.740041000035040724e+03
6.504289054270544511e+03,-5.459695981576775381e+00,-6.155030670344547872e+00
-9.654052008801507156e+00,3.740340871441801937e+03,-5.804083044242830169e+00
-9.255161562074100345e+00,-5.819884903247075414e+00,3.740040999846301020e+03
