fx,fy,fz
-1.019998518828069223e+01,-9.485725476252581112e-01,-1.532820925017798253e+01
-1.047466931751838803e+00,-1.049117703178676209e+01,-1.568105707008597705e+01
1.191548083534499369e-07,2.379929361917554331e-07,-1.507827339131018562e+03
1.012879672263923325e+01,9.691724354293620447e-01,-1.547173389428709100e+01
1.004642104023189431e+00,1.019450396249103186e+01,-1.549457955724884961e+01
0.000000000000000000e+00,0.000000000000000000e+00,1.507827466838472901e+03
