fx,fy,fz
1.384043122654404942e+04,-1.707867772408859253e+01,-1.712125667367793369e+01
-1.759258986072563857e+01,1.384344055628732531e+04,-1.725474792660818935e+01
-1.716549540356672310e+01,-1.679324775989012153e+01,1.384302091617365477e+04
-1.384043122721887266e+04,1.717604928823631383e+01,1.705186983346247587e+01
1.726062103692520111e+01,-1.384344055458914227e+04,1.748167426572651095e+01
1.642439444592430675e+01,1.672388262731101349e+01,-1.384302091440553158e+04
