fx,fy,fz
4.908230250278598561e+01,-8.213206154751553356e+00,2.290857434354624900e+01
-8.802102453585193942e+00,5.050698300765900228e+01,2.308037075093038126e+01
1.475815181173345536e-06,2.219733489905451052e-06,-1.196977202949881575e+04
-4.935009916179788547e+01,8.544680176604046551e+00,2.272641652754358077e+01
8.440930756007485769e+00,-5.115096342474794255e+01,2.369327295349678408e+01
0.000000000000000000e+00,0.000000000000000000e+00,1.196977455106480556e+04
