fx,fy,fz
5.643944127124662202e+01,-1.001889075736578505e+01,2.774290362177450930e+01
-1.067171521827603620e+01,5.815453711933885472e+01,2.797361400423896072e+01
2.040370983280581640e-07,1.944755154692501264e-06,-1.436115234381916707e+04
-5.678575531003212262e+01,1.042023555568106197e+01,2.749839468523843777e+01
1.031425181847502870e+01,-5.882581701986725164e+01,2.875874205305981235e+01
0.000000000000000000e+00,0.000000000000000000e+00,1.436115431838315999e+04
