fx,fy,fz
-4.482691419008889966e+01,-3.554500040254805260e+00,-5.972559408156965333e+01
-3.925648742653109480e+00,-4.608180168025807433e+01,-6.112883899255604092e+01
7.944377469204511044e-07,5.590665923538296056e-07,-5.883222912919578448e+03
4.457971149044463033e+01,3.623907850214023618e+00,-6.027972374926386578e+01
3.739773185113595577e+00,4.496725455015212702e+01,-6.036608194536246685e+01
0.000000000000000000e+00,0.000000000000000000e+00,5.883223275867605480e+03
