fx,fy,fz
-1.283990455946632210e+02,-2.453120804944618705e+00,-9.086995620939765672e+01
-2.309060408572663370e+00,-1.328131167474089693e+02,-9.325121437782757994e+01
4.105278840427217801e-06,3.863078076982162656e-06,-4.319356148010358993e+03
1.294198378995175460e+02,2.259608257939496490e+00,-9.167549237422635144e+01
1.917281376136317661e+00,1.311631827243718362e+02,-9.034728185219771035e+01
0.000000000000000000e+00,0.000000000000000000e+00,4.319356878872202287e+03
