fx,fy,fz
-1.009352702488548772e+02,-3.506661889404194099e+00,-9.152048776655229290e+01
-3.766832828347094431e+00,-1.038758624327100222e+02,-9.378544077051421368e+01
2.889722932053473414e-06,-2.812900752768854318e-06,-6.677701168292630427e+03
1.008803098155766662e+02,3.505959049384974158e+00,-9.229927594880176400e+01
3.419467653129957263e+00,1.022137169566940003e+02,-9.209799926712136653e+01
0.000000000000000000e+00,0.000000000000000000e+00,6.677701278705363620e+03
