fx,fy,fz
-8.010267436519157513e+01,-1.625131228672544115e+00,-6.242585498190059923e+01
-1.537552152778367764e+00,-8.304443284982978923e+01,-6.410861026520342421e+01
5.057385579876338966e-06,5.307716141267349030e-06,-2.774815634039710858e+03
8.072998639169372836e+01,1.516845398310293636e+00,-6.301640623399397612e+01
1.305729653532895718e+00,8.177283372885455037e+01,-6.220609321406637804e+01
0.000000000000000000e+00,0.000000000000000000e+00,2.774816495194971594e+03
