fx,fy,fz
-2.280138404832666311e+03,-2.642020659918382819e+01,9.973663073124189538e+00
-5.381773160073915818e+00,2.138266744131176165e+04,-6.243399261476067608e+00
9.427866414777737347e+00,-2.469572450159611776e+01,-2.280735825017062780e+03
2.280138404934947630e+03,2.620036682261576289e+01,-9.027438965997184539e+00
6.681365221002002031e+00,-2.138266744215143262e+04,6.751746184500573733e+00
-9.382060413722154379e+00,2.597159749002877049e+01,2.280735824883142868e+03
