fx,fy,fz
-1.816484964883916473e+04,2.955204738471073256e+01,1.567630819386600649e-01
3.019502166593805725e+01,-1.816880156487994827e+04,-6.697334826245366912e-01
2.111068432174195664e+01,1.968040812805971029e+01,4.082902326345950996e+02
1.816484965464376364e+04,-2.914827021864111600e+01,1.585986553878626637e-01
-2.896582238982486501e+01,1.816880156807239473e+04,5.814677308812568057e-01
-1.875824158258701857e+01,-2.085109696393620027e+01,-4.082902305734547213e+02
