fx,fy,fz
-7.590034517748109977e+01,-2.875869443331040110e+00,-7.377754668962674600e+01
-3.103527243190702389e+00,-7.814238796845434365e+01,-7.558568240761974266e+01
2.556505442674605888e-06,-2.233259503103823818e-06,-5.301885153171094316e+03
7.581525808358695429e+01,2.884158231002529327e+00,-7.441070740923254334e+01
2.850273458085371914e+00,7.677336847892929939e+01,-7.430709543856229971e+01
0.000000000000000000e+00,0.000000000000000000e+00,5.301885331468768527e+03
