fx,fy,fz
3.568451718892917057e+01,-5.429817775185561857e+00,2.346087973588856102e+01
-5.753904735663116554e+00,3.680237803380691730e+01,2.375577339008432176e+01
2.213091847336201567e-06,2.845092607950405750e-06,-7.423959299094090966e+03
-3.584756608367801789e+01,5.651308549683868421e+00,2.339422996587514092e+01
5.544101973625141788e+00,-3.707746096843167294e+01,2.418490096677896162e+01
0.000000000000000000e+00,0.000000000000000000e+00,7.423963305390977439e+03
