fx,fy,fz
-3.019172904829137494e+01,-1.376574935823080770e+00,-3.394481205817351821e+01
-1.495384955826725815e+00,-3.111488798445341786e+01,-3.476088054027430019e+01
1.598639987054895073e-06,-5.764209050074242668e-07,-2.370133357122836060e+03
3.012027416436767169e+01,1.387640922806465671e+00,-3.424056058129689006e+01
1.401391220230440382e+00,3.045980766864279943e+01,-3.423420494818091697e+01
0.000000000000000000e+00,0.000000000000000000e+00,2.370133646522475374e+03
