fx,fy,fz
-6.391357394300025163e+01,-2.532602336570128010e+00,-6.437356813854664495e+01
-2.738514157548964878e+00,-6.581615359438781354e+01,-6.594358979774762020e+01
2.338934085077681857e-06,-1.865035704762263435e-06,-4.592075549245992988e+03
6.382284900815494666e+01,2.543456889210871985e+00,-6.492823540128782156e+01
2.528702385609749470e+00,6.460949092462648480e+01,-6.486037400987689239e+01
0.000000000000000000e+00,0.000000000000000000e+00,4.592075758677382510e+03
