fx,fy,fz
1.391419877453781595e+01,-1.987259136900312084e+00,1.177796419204711142e+01
-2.082173068362420665e+00,1.438080353763074903e+01,1.195015059233936938e+01
3.070081666556312427e-06,3.242217989529727618e-06,-2.556808078550610844e+03
-1.396971391986252975e+01,2.069630162303043530e+00,1.177397433689754536e+01
2.013539333335903514e+00,-1.442688792339155412e+01,1.212479505716186878e+01
0.000000000000000000e+00,0.000000000000000000e+00,2.556814620924115843e+03
