fx,fy,fz
4.652059839799496643e+01,-7.575587726145323941e+00,2.398206456627201533e+01
-8.095859941611474042e+00,4.789859741139415661e+01,2.420446144795067056e+01
1.642471338492157429e-06,2.381899334658044154e-06,-1.086270887940113062e+04
-4.676247883908769154e+01,7.881974460431763418e+00,2.383262424092783860e+01
7.773792083768385375e+00,-4.844010055615105870e+01,2.477524126040283292e+01
0.000000000000000000e+00,0.000000000000000000e+00,1.086271170368173625e+04
