fx,fy,fz
-1.881193575245782995e+04,2.903024912415529002e+01,3.005915008496205587e+01
2.960854435235897597e+01,-1.881604907702184937e+04,2.967285156052932393e+01
2.978975551691428336e+01,2.775634352132891536e+01,-1.881493501416965955e+04
1.881193575248255729e+04,-2.901220505848395703e+01,-2.962812388492979210e+01
-2.834955408929593546e+01,1.881604907703420031e+04,-2.992750568593353933e+01
-2.684317318079993697e+01,-2.946489643839528583e+01,1.881493501416893923e+04
