fx,fy,fz
4.077802711834385150e+02,-6.455113458042355035e+00,4.788308120885233166e+00
-1.482292919806436959e+00,3.846644122218369830e+03,3.332198448986279260e+00
-4.203757070768197046e-01,-5.141976663794714852e+00,-2.770115835952586167e+03
-4.077802711544252929e+02,6.275826451112951787e+00,-4.481263864359554816e+00
1.838827050185100731e+00,-3.846644122224901366e+03,-2.873353691439458402e+00
-2.230056418136561192e-01,6.107428218753927496e+00,2.770115835951264216e+03
