fx,fy,fz
7.862341808172997162e+02,-3.601734816112093540e+01,3.047622684848045083e+01
-1.552109213865229620e+01,2.278209571235911426e+04,1.695193277653875441e+01
8.265702408592408901e+00,-2.360223109995763480e+01,-1.947107983560632056e+04
-7.862357156070091833e+02,3.547166388944629034e+01,-2.934816661240185454e+01
1.615171224823669149e+01,-2.278209678462434749e+04,-1.682559603966511474e+01
-9.508928965634531494e+00,2.622605092244930347e+01,1.947107942288280174e+04
