fx,fy,fz
5.212419476958956466e+01,-1.007381144224713942e+01,2.266769098740045152e+01
-1.075873572818762725e+01,5.377602285780077551e+01,2.280344629641513876e+01
1.960251542865165675e-06,1.734247875528893701e-06,-1.412875835002070380e+04
-5.248422437026220422e+01,1.046885041880372924e+01,2.240186000123765453e+01
1.039577641626882709e+01,-5.446034975726578153e+01,2.357460646389176162e+01
0.000000000000000000e+00,0.000000000000000000e+00,1.412876261907797380e+04
