fx,fy,fz
-3.188628132809565585e+01,-6.928507074333971616e-01,-2.745225731117355039e+01
-6.576372777116238355e-01,-3.313970630954131025e+01,-2.821375960807983674e+01
5.934188235245940746e-06,7.295992560996111820e-06,-1.141820867754315941e+03
3.212975161371333144e+01,6.547717678371345329e-01,-2.772680043302976216e+01
5.713705883920425777e-01,3.252667874590994046e+01,-2.741135832703647779e+01
0.000000000000000000e+00,0.000000000000000000e+00,1.141821886197394406e+03
