fx,fy,fz
6.561562452567778564e+03,-7.653062325687670864e+00,-7.649318968734114321e+00
-7.865092359512345865e+00,6.562960884015549709e+03,-7.709564036069593840e+00
-7.682973507958699599e+00,-7.545897257352145004e+00,6.562814763497047352e+03
-6.561562452572377879e+03,7.685920196998964116e+00,7.634651355302310094e+00
7.748926712353558344e+00,-6.562960884019274090e+03,7.829390851579645982e+00
7.364376269698134081e+00,7.457837986136951258e+00,-6.562814763499809487e+03
