fx,fy,fz
6.327495533882535028e+01,-1.291466829234666314e+01,2.097936699253573067e+01
-1.384093473821992148e+01,6.519958919344263393e+01,2.097113171550881106e+01
1.607326529651231795e-06,1.520086938544551458e-06,-1.859863062120018367e+04
-6.374183635520227398e+01,1.341775288486060624e+01,2.058340421389858221e+01
1.335562490888260179e+01,-6.621475242523126781e+01,2.193757746949265197e+01
0.000000000000000000e+00,0.000000000000000000e+00,1.859863397616605653e+04
