fx,fy,fz
-9.621050051935459635e+01,-1.911576660900670355e+00,-7.258565435428890567e+01
-1.805823012105531422e+00,-9.966625041088383341e+01,-7.452383206219796818e+01
4.737268136212335889e-06,4.773288248660634281e-06,-3.299105167047014220e+03
9.696853825574203256e+01,1.776511269253203462e+00,-7.325831415285519199e+01
1.522044234308398858e+00,9.823908534207559740e+01,-7.227785118960684940e+01
0.000000000000000000e+00,0.000000000000000000e+00,3.299105982017002589e+03
