fx,fy,fz
-5.761123959250342352e+01,-4.350840336008564790e+00,-7.393494953793801017e+01
-4.805138799745663825e+00,-5.921219898940941562e+01,-7.568292519589324741e+01
8.742395145588943706e-07,4.443247927365945316e-07,-7.294215920832663869e+03
5.731722155031526711e+01,4.432449710539168031e+00,-7.461851714801939295e+01
4.566878593616782389e+00,5.785119116907679171e+01,-7.472236190551154777e+01
0.000000000000000000e+00,0.000000000000000000e+00,7.294216243780785589e+03
