fx,fy,fz
-9.956228626675103442e+03,1.461805524986676375e+01,1.476975806634742838e+01
1.499360795307446637e+01,-9.958509826530005739e+03,1.477055241051734669e+01
1.473104831526031688e+01,1.425418098516605880e+01,-9.957951950075812420e+03
9.956228626680294838e+03,-1.464455057974712560e+01,-1.462950269460466046e+01
-1.454450014950616321e+01,9.958509826534067543e+03,-1.494785157699392641e+01
-1.386431925965177925e+01,-1.452262931057519069e+01,9.957951950075364948e+03
