fx,fy,fz
-9.416826400889260185e+03,1.527779143619926572e+01,8.591325762310820124e+00
1.542702889995720028e+01,-9.418736397793134529e+03,8.041693278030589198e+00
1.540475697823418244e+01,1.388778129733772460e+01,-4.981859916025879102e+03
9.416826416507019530e+03,-1.513220694153855561e+01,-8.230013947777919725e+00
-1.472201424787411383e+01,9.418736411281768596e+03,-8.266924818227078475e+00
-1.348902462233220945e+01,-1.512652117778208805e+01,4.981860061900294568e+03
