fx,fy,fz
3.687656519312731689e+03,-1.141923248966460847e+01,-5.420782603224211016e+00
-7.035492820549549720e+00,7.524685452720286776e+03,-7.713918189577338325e+00
-5.697550276096617239e+00,-1.014401889018859038e+01,3.688350644845392253e+03
-3.687656521983106359e+03,1.163952057007797691e+01,5.592594260507102177e+00
7.084778296352915561e+00,-7.524685437802872912e+03,7.860517370770317314e+00
4.479758652771277383e+00,1.151847144419279800e+01,-3.688350665850796304e+03
