fx,fy,fz
-2.119241566778655033e+04,3.105078984547536436e+01,3.159132154183234320e+01
3.183181895381721915e+01,-2.119664100792987301e+04,3.150094272957956321e+01
3.138857431253732955e+01,3.002481230523525824e+01,-2.119553442508351509e+04
2.119241566772238002e+04,-3.109436585561699928e+01,-3.122583540348249187e+01
-3.068094474170419517e+01,2.119664100792342651e+04,-3.175129435921751053e+01
-2.917248671964571827e+01,-3.104809560550674519e+01,2.119553442507797445e+04
