fx,fy,fz
2.268235307040255109e-14,-1.388224954383255181e+03,0.000000000000000000e+00
3.410605131648480892e-13,7.730704965069890022e-12,-3.670650273700477442e+02
-3.670650273700480852e+02,-7.181903023981621569e-14,0.000000000000000000e+00
