fx,fy,fz
3.783964519762535161e+01,-6.986218760743582834e+00,2.021021175675568315e+01
-7.434912632836009116e+00,3.908723600742344928e+01,2.040315579582433259e+01
2.365660832337468378e-06,1.944538795983774548e-06,-9.540617243306616729e+03
-3.808669584555697440e+01,7.262204003978460776e+00,2.005672397547282770e+01
7.193105069651414496e+00,-3.948487708829585330e+01,2.095502661814302314e+01
0.000000000000000000e+00,0.000000000000000000e+00,9.540622709502833459e+03
