fx,fy,fz
-1.337265431801816521e+04,2.160806447884554871e+01,2.312931835967020788e+01
2.195332616061135411e+01,-1.337588952881563091e+04,2.250552266897157949e+01
2.292145500264967950e+01,2.031304880580823635e+01,-1.337494516580114760e+04
1.337265431879635435e+04,-2.163991795815448427e+01,-2.275107651313609836e+01
-2.085575084261350298e+01,1.337588952883948878e+04,-2.271367093570482609e+01
-1.970573788155702744e+01,-2.237270802142096215e+01,1.337494516578094590e+04
