fx,fy,fz
-9.659354223861644329e+00,-4.861749582414667814e-01,-1.172320112003146164e+01
-5.291621947535947168e-01,-9.961044818926113820e+00,-1.200241302118434916e+01
2.520214788803709638e-07,5.400464136995353215e-08,-8.073038398670474862e+02
9.629870370856044914e+00,4.911506365170777988e-01,-1.182601116265971264e+01
5.002647688152639383e-01,9.730411830924321492e+00,-1.182887781939057881e+01
0.000000000000000000e+00,0.000000000000000000e+00,8.073039240715939968e+02
