fx,fy,fz
-1.463880166983640811e+04,2.379264775396238463e+01,9.248354452607049581e+00
2.415214441913194321e+01,-1.464175394460235475e+04,8.559069073018779505e+00
2.133896164161480158e+01,1.966071599707241546e+01,-5.641029170266003348e+03
1.463880167616111976e+04,-2.354285236753783295e+01,-8.805727466941743131e+00
-2.314212617201268074e+01,1.464175395192752876e+04,-8.816583138492514848e+00
-1.898900311865922674e+01,-2.105383807109240024e+01,5.641029187230709795e+03
