fx,fy,fz
2.061139504643972131e+01,-3.630926623586893776e+00,1.313866256788683806e+01
-3.848978258362884652e+00,2.131427077391907332e+01,1.329432175766597624e+01
2.264585944211638946e-06,2.370750126989840112e-06,-4.840838811517319300e+03
-2.073817638772355920e+01,3.775889172550960460e+00,1.307636150830359512e+01
3.728058331315227569e+00,-2.147954426836400543e+01,1.359396182950074561e+01
0.000000000000000000e+00,0.000000000000000000e+00,4.840845044337911531e+03
