fx,fy,fz
-1.444578980232697347e+02,-2.709649046172834197e+00,-9.905885285111745020e+01
-2.545245453415000192e+00,-1.493174521469244951e+02,-1.016306990848270004e+02
3.802623925963644069e-06,3.477160421372360588e-06,-4.815867250482900090e+03
1.456098914965405697e+02,2.484526730254750682e+00,-9.991627995895208869e+01
2.097722538011036697e+00,1.475980178419905258e+02,-9.841048865461658579e+01
0.000000000000000000e+00,0.000000000000000000e+00,4.815867943083094360e+03
