fx,fy,fz
1.490643523208333363e+03,-1.087656722169194268e+01,-6.017967065550191563e-01
-4.283604910429395396e+00,7.489824330574071610e+03,-4.661999104786222148e+00
-9.207798414226076034e-01,-1.006730759456272750e+01,1.490965236310925548e+03
-1.490643523094513739e+03,1.090867563473759816e+01,9.173388952235583815e-01
4.614600957346356225e+00,-7.489824330422655294e+03,4.847222570524427177e+00
4.717579545490151460e-01,1.081980780266867015e+01,-1.490965237534714106e+03
