fx,fy,fz
-8.824440682276461700e+01,-3.200187395109495903e+00,-8.282438882970896543e+01
-3.445926988866146345e+00,-9.083246663054501369e+01,-8.486415722430191977e+01
2.729580133031817013e-06,-2.540373066128864821e-06,-5.996964371175899032e+03
8.817119499674150518e+01,3.204633305527168297e+00,-8.353224215987424373e+01
3.146819526004962952e+00,8.931162013272307831e+01,-8.338432070661636430e+01
0.000000000000000000e+00,0.000000000000000000e+00,5.996964516252516660e+03
