fx,fy,fz
-1.014020582319758068e+04,1.583889233034421551e+01,1.320739753579081111e+01
1.569070931044185357e+01,-1.014230420001321545e+04,1.214614852418981883e+01
1.690302036431747723e+01,1.418616686684458728e+01,-7.763230615766289702e+03
1.014020578588287935e+04,-1.553774148562295920e+01,-1.284894197873054367e+01
-1.485200970249839258e+01,1.014230425623055999e+04,-1.263142456599480568e+01
-1.368771958741707806e+01,-1.606167938635245918e+01,7.763230458223924870e+03
