fx,fy,fz
2.583306472763695893e+01,-3.794869547305066426e+00,1.940641230692323660e+01
-3.998750194043937611e+00,2.667082705314111379e+01,1.967441374402870125e+01
2.637355094314841608e-06,3.094748632470611938e-06,-5.031250552022972443e+03
-2.594275126557663924e+01,3.950819907528181130e+00,1.937909540111833451e+01
3.860442465988080052e+00,-2.681067065992188603e+01,1.998884540351300743e+01
0.000000000000000000e+00,0.000000000000000000e+00,5.031255652885749441e+03
