fx,fy,fz
6.484506837409433899e+01,-1.144948036761137189e+01,2.997170334846240181e+01
-1.220720246823698218e+01,6.675149156575062648e+01,3.019196249163756818e+01
4.787349183743572212e-09,1.774390402609071771e-06,-1.674108217434877224e+04
-6.523839058683000758e+01,1.190991795876633397e+01,2.967552601497642684e+01
1.179211332467558115e+01,-6.757732141579394636e+01,3.108284416737310352e+01
0.000000000000000000e+00,0.000000000000000000e+00,1.674108365661013158e+04
