fx,fy,fz
7.130149739211007898e+01,-1.552606211696970107e+01,1.577114509148597321e+01
-1.669696712005810113e+01,7.337798677848110174e+01,1.554296093483014118e+01
1.308745580352876914e-06,1.313862347362970695e-06,-2.295317188490988337e+04
-7.186936258848245984e+01,1.612723612722536615e+01,1.523083564926093914e+01
1.608738943578730130e+01,-7.475799925122524314e+01,1.668853268605109719e+01
0.000000000000000000e+00,0.000000000000000000e+00,2.295317453628109070e+04
