fx,fy,fz
5.809138292138886328e+01,-1.152399030120464296e+01,2.230101130230518081e+01
-1.232906572949881863e+01,5.989537552064871306e+01,2.237492523363615504e+01
1.776979580370152689e-06,1.626751434891104964e-06,-1.637830220106643537e+04
-5.850558243180336859e+01,1.197435922148554255e+01,2.197210013838538956e+01
1.190512711272014101e+01,-6.074024996890429406e+01,2.324619868592246519e+01
0.000000000000000000e+00,0.000000000000000000e+00,1.637830598279631704e+04
