fx,fy,fz
7.320123294794953495e+01,-1.282143279319012663e+01,3.187544712719020978e+01
-1.368208765109007707e+01,7.528075338245957937e+01,3.207898163563683624e+01
-1.141700973761317073e-07,1.577849443101797533e-06,-1.913079798769965055e+04
-7.363824491193294364e+01,1.333959384274470672e+01,3.152663103055866500e+01
1.321007099133954199e+01,-7.627041282783903853e+01,3.307112922188846227e+01
0.000000000000000000e+00,0.000000000000000000e+00,1.913079910529104018e+04
