fx,fy,fz
3.008724615094432764e+01,-5.334336986004267089e+00,1.794626569771473257e+01
-5.662494528666465854e+00,3.108711609501473561e+01,1.814454257736350229e+01
1.514710483707659705e-06,2.282873121206563383e-06,-7.231863865828352573e+03
-3.027340418881629702e+01,5.547065800853176576e+00,1.784389149778713346e+01
5.481665298381981799e+00,-3.135945865759547146e+01,1.857724770994375518e+01
0.000000000000000000e+00,0.000000000000000000e+00,7.231868559126648506e+03
