fx,fy,fz
-2.025939893924429953e+03,-2.651238285213369750e+01,9.302317141023863201e+00
-5.018286975375081838e+00,2.068015745319674534e+04,-5.910824050550305131e+00
8.731613672219383560e+00,-2.491466845366913674e+01,-2.026595040852264901e+03
2.025939893921345174e+03,2.635051843367003244e+01,-8.329567491515048161e+00
6.309928656361201149e+00,-2.068015745325509124e+04,6.435958606513741742e+00
-8.764766509101178826e+00,2.606306341650594049e+01,2.026595040723101192e+03
