fx,fy,fz
-1.296169070243519172e+02,-7.875883974608146154e+00,-1.400082889936116430e+02
-8.694687440444210935e+00,-1.330752231492389228e+02,-1.434125350414966817e+02
1.090461491770611246e-06,6.278464503850500478e-08,-1.401766807604292626e+04
1.291680344754053351e+02,7.990367260156444829e+00,-1.412793567454567949e+02
8.161234373353323690e+00,1.307009170162604335e+02,-1.414200308335900331e+02
0.000000000000000000e+00,0.000000000000000000e+00,1.401766827200067382e+04
