fx,fy,fz
4.343496637428220453e+01,-6.899852842344214920e+00,2.446910173204095074e+01
-7.352962558652757608e+00,4.474672092574519411e+01,2.472947874772812327e+01
1.821537785495763728e-06,2.542306937414196000e-06,-9.736217031269030485e+03
-4.365073761062070901e+01,7.179605916111693631e+00,2.435000698356186888e+01
7.069102564140296252e+00,-4.519203751051853857e+01,2.525603134606238598e+01
0.000000000000000000e+00,0.000000000000000000e+00,9.736220199516950743e+03
