fx,fy,fz
9.435376337699726719e+03,-1.355596147323596767e+01,-1.397588165940707228e+01
-1.414299802517432170e+01,9.437255715660616261e+03,-1.404257244780478686e+01
-1.389279547630816580e+01,-1.302954852357797932e+01,9.436753610370993556e+03
-9.435376342605361060e+03,1.382608437707897764e+01,1.376149088475282412e+01
1.353311567620539790e+01,-9.437255731305665904e+03,1.397714872739094005e+01
1.288991535686754020e+01,1.367610890672387569e+01,-9.436753609656590925e+03
