fx,fy,fz
-6.688534204138010864e+03,3.393521529385122193e+00,4.117668429566451849e+00
1.073706685690638807e+01,-2.004358968354545141e+03,2.563498025888225840e+00
1.047597457323013259e+01,2.293151402100148673e+00,-2.004170681291453548e+03
6.688534204128929559e+03,-3.309147607163795968e+00,-3.596016018312822027e+00
-9.981826890022553300e+00,2.004358968348663439e+03,-2.511686935005675636e+00
-9.632768863342249688e+00,-2.708088122363459860e+00,2.004170681285261480e+03
