fx,fy,fz
-9.620749650427656888e+03,9.585104562056399047e-01,1.803460679290997959e+00
1.348022529479892029e+01,7.890320680243621609e+02,-3.897818861047455563e+00
1.282245097029293390e+01,-3.890497614608150911e+00,7.889700062221505732e+02
9.620749650424109859e+03,-8.962936050906309404e-01,-1.284981358543940466e+00
-1.241588357302094181e+01,-7.890320680247515384e+02,4.153770282083936394e+00
-1.190148463886416863e+01,3.658824336661659515e+00,-7.889700062225190322e+02
