fx,fy,fz
-1.382483017265477974e+04,2.117500099717985051e+01,2.349525669715703202e+01
2.080119742817936412e+01,-1.382815269276044819e+04,2.208940949639348617e+01
2.341529977166504750e+01,1.921764045465953075e+01,-1.382716424815233040e+04
1.382483017245945666e+04,-2.050070913736378486e+01,-2.333357058200098777e+01
-1.949533018331310075e+01,1.382815269342263855e+04,-2.286438040629501245e+01
-1.824169608661568986e+01,-2.202492030815912472e+01,1.382716424807807562e+04
