fx,fy,fz
2.952787714753957715e+01,-5.344382122342354435e+00,1.721195695599243436e+01
-5.677510049525713143e+00,3.052063719062372016e+01,1.739734989671840282e+01
2.585571263091779315e-06,2.042520042211393161e-06,-7.201384260467788408e+03
-2.971598092516578404e+01,5.556347577708046437e+00,1.710667125433578661e+01
5.496066536515042955e+00,-3.079481958241011341e+01,1.782761743471188964e+01
0.000000000000000000e+00,0.000000000000000000e+00,7.201390463004689082e+03
