fx,fy,fz
2.044412452736220587e+01,-3.634215741844905700e+00,1.291046636162115391e+01
-3.853843371578643318e+00,2.114500813507857302e+01,1.306221324351640867e+01
2.814407239148941642e-06,2.130460333815697993e-06,-4.831675807671198527e+03
-2.057150721732566012e+01,3.778955772707292660e+00,1.284728067314982169e+01
3.732754601404306705e+00,-2.131082406831776410e+01,1.336105432567662810e+01
0.000000000000000000e+00,0.000000000000000000e+00,4.831682855566662511e+03
