fx,fy,fz
9.005033918789364122e+01,-1.540759271088715465e+01,3.503694887782451417e+01
-1.646830678617168431e+01,9.243224694228190685e+01,3.519619240867900345e+01
-1.887496425823087520e-07,1.145748301567550698e-06,-2.395628115450168480e+04
-9.056463284564753735e+01,1.603820379835983800e+01,3.458193748169070147e+01
1.588457638706057118e+01,-9.377567680887578661e+01,3.637961791429309955e+01
0.000000000000000000e+00,0.000000000000000000e+00,2.395628180637034893e+04
