fx,fy,fz
-4.792510849760160596e+01,-1.016737979680211845e+00,-3.989679692768288533e+01
-9.642467962526004577e-01,-4.976629524611296063e+01,-4.099295488365474682e+01
5.667145439258725048e-06,6.562750172411924154e-06,-1.696472860769125191e+03
4.829461400562398410e+01,9.569747319718427958e-01,-4.028887903957180328e+01
8.313813676350236825e-01,4.890041449404565554e+01,-3.981118146483456144e+01
0.000000000000000000e+00,0.000000000000000000e+00,1.696473823432211702e+03
