fx,fy,fz
-9.929992837145429974e+01,-6.550509354151293095e+00,-1.146084137824728941e+02
-7.233324505981697961e+00,-1.019945780420262054e+02,-1.173655068762693929e+02
1.032325165351011265e-06,1.822912194526793428e-07,-1.139247886191299222e+04
9.889803589637077152e+01,6.657317824862719391e+00,-1.156564948735859417e+02
6.824432264944330306e+00,9.998008554525472391e+01,-1.157943397925896249e+02
0.000000000000000000e+00,0.000000000000000000e+00,1.139247909720920507e+04
