fx,fy,fz
-1.876969455675146673e+04,3.039905500772464109e+01,3.856697835130340479e-02
3.102531603026002927e+01,-1.877333845610345816e+04,-8.257072342851348168e-01
2.169751070643303592e+01,2.019094760254911591e+01,4.960461821974349164e+02
1.876969458069307439e+04,-2.997122298962658249e+01,3.241707426575235473e-01
-2.971088922027286117e+01,1.877333832551970409e+04,7.219886459916002863e-01
-1.925877607911836265e+01,-2.141530262012156527e+01,-4.960460839895778804e+02
