fx,fy,fz
-7.096921295532122542e+01,-5.114427728059075307e+00,-8.782553664794278347e+01
-5.648308166384552464e+00,-7.292632167802671006e+01,-8.991442139734111549e+01
9.387763535428916839e-07,3.442621649973887088e-07,-8.682397436648052462e+03
7.063395459135935539e+01,5.206307542443120440e+00,-8.863460829324026236e+01
5.355388082098373914e+00,7.133285701575931625e+01,-8.875318434896702513e+01
0.000000000000000000e+00,0.000000000000000000e+00,8.682397725610766429e+03
