fx,fy,fz
7.227714763377246072e+02,-3.872389637944664287e+01,3.360283362118613582e+01
-1.773257486815898076e+01,2.535656363641926509e+04,1.613028753111021274e+01
1.017370582671140156e+01,-2.212172534240900745e+01,-2.159892690204415703e+04
-7.227714762735012073e+02,3.809267097386876344e+01,-3.278793725248715418e+01
1.828626216321401543e+01,-2.535656363648721162e+04,-1.623952123238048273e+01
-1.126067832490617349e+01,2.469085660704939755e+01,2.159892690206857515e+04
