fx,fy,fz
1.059749375459069576e+01,-1.853493742061814498e+00,7.207252895088647193e+00
-1.961978303863704198e+00,1.096796829919066951e+01,7.297720606105079000e+00
7.466733257244229094e-07,5.530938052000777816e-07,-2.431273347622319307e+03
-1.066223778936217848e+01,1.927636536940813938e+00,7.179403214179113313e+00
1.901336331145417891e+00,-1.104191525876254509e+01,7.453728978543317396e+00
0.000000000000000000e+00,0.000000000000000000e+00,2.431275265662215133e+03
