fx,fy,fz
-1.972557627785703716e+01,-9.444210988461942957e-01,-2.303425274215145890e+01
-1.027046367807345817e+00,-2.033494000244172639e+01,-2.358541972472432846e+01
1.276226937796387517e-06,-1.752499817486707911e-07,-1.597183155965405604e+03
1.967225241071290753e+01,9.530742591273295705e-01,-2.323562025272778442e+01
9.668149011324181918e-01,1.988613410851778696e+01,-2.323660297151038279e+01
0.000000000000000000e+00,0.000000000000000000e+00,1.597183467354177083e+03
