fx,fy,fz
8.158102190715247559e+01,-1.413927300639135964e+01,3.354048568457240975e+01
-1.510089658630559839e+01,8.381820579744683641e+01,3.372310073098665129e+01
-1.729073915157641750e-07,1.364701305295312750e-06,-2.153455761499434084e+04
-8.205836393612310076e+01,1.471407136889319034e+01,3.313858461285746415e+01
1.457266665790325888e+01,-8.498047962553968659e+01,3.481260624028885786e+01
0.000000000000000000e+00,0.000000000000000000e+00,2.153455846380941512e+04
