fx,fy,fz
-1.139617870144728897e+02,-3.796311876430800591e+00,-9.987169763244968124e+01
-4.067292320825410812e+00,-1.172613318661162367e+02,-1.023553972195499142e+02
3.026961902907743251e-06,-3.030844586415781805e-06,-7.344467712931658752e+03
1.139315994785295203e+02,3.789120179401243238e+00,-1.007176912831002795e+02
3.669276792945364907e+00,1.154684933928293873e+02,-1.004535794164913654e+02
0.000000000000000000e+00,0.000000000000000000e+00,7.344467787441354631e+03
