fx,fy,fz
5.739026271370388486e+02,-1.937558988518081549e+01,1.637042665842952260e+01
-6.885826093757035693e+00,1.167889195628029483e+04,9.822879618941485091e+00
2.804629900590755121e+00,-1.397756062878356431e+01,-9.668602465131996723e+03
-5.739026271353717448e+02,1.899447823455371065e+01,-1.574212677444038633e+01
7.402360464024132725e+00,-1.167889195627644040e+04,-9.490120464639858255e+00
-3.903646428327794737e+00,1.578060164476345051e+01,9.668602465131654753e+03
