fx,fy,fz
1.311085282813225967e+04,-1.580474916147649367e+01,-1.581295063726717842e+01
-1.626013207803879368e+01,1.311373937047742766e+04,-1.594141492659865378e+01
-1.587217606492606592e+01,-1.557347253799268572e+01,1.311337752845002615e+04
-1.311085164030051601e+04,1.587779044756068458e+01,1.576644900962537577e+01
1.599938642167073510e+01,-1.311373880204416673e+04,1.617753524192303871e+01
1.522074052068714423e+01,1.542829064301167818e+01,-1.311337751767168993e+04
