ux,uy,uz
2.222222222222222822e-34,1.555555555555557429e-33,2.222222222222222822e-34
5.925925925925935013e-68,2.000000000000000000e+01,5.925925925925939131e-68
-2.222222222222224960e-34,5.925925925925939131e-68,1.481481481481482106e-68
1.927470528863119745e-49,-1.349229370204183594e-48,-2.222222222222222822e-34
