fx,fy,fz
-3.670650273700477442e+02,-1.388224954383247450e+03,-3.670650273700477442e+02
-4.006582509426393585e-32,1.388224954383255181e+03,-4.006582509426392490e-32
3.670650273700480852e+02,-5.378889053887302020e-32,-1.311924159484706254e-32
-3.183781600944455381e-13,-7.802523995309706238e-12,3.670650273700477442e+02
