sxx,syy,szz,sxy,sxz,syz,smises
1.835325136850238237e-01,8.329349726299528633e-01,1.835325136850238237e-01,-2.689444526943648098e-35,-6.559620797423524579e-36,-2.689444526943650236e-35,6.494024395942687988e-01
