fx,fy,fz
-1.590446910474540942e+01,-3.543622023973663770e-01,-1.416758274019701602e+01
-3.365504078502276619e-01,-1.654436057748130295e+01,-1.456436755285531071e+01
1.521490297029526317e-06,1.961463101218807736e-06,-5.764367082810667853e+02
1.602456942031054865e+01,3.362122025874834108e-01,-1.431161419187233186e+01
2.946577440795519198e-01,1.621944276796966022e+01,-1.415549356087327837e+01
0.000000000000000000e+00,0.000000000000000000e+00,5.764369734219657175e+02
