fx,fy,fz
1.061855862775528436e+01,-1.853045148759876470e+00,7.237153526443664830e+00
-1.961319200079679748e+00,1.098926584009821106e+01,7.328121720277005480e+00
7.086770950071041852e-07,5.954777330119398471e-07,-2.432434266031592415e+03
-1.068322425957652655e+01,1.927215217019305538e+00,7.209416937815340987e+00
1.900696252316299573e+00,-1.106314718666372521e+01,7.484239947784967484e+00
0.000000000000000000e+00,0.000000000000000000e+00,2.432436121690504478e+03
