fx,fy,fz
-1.980874690336949061e+04,2.860726476432020604e+01,2.898479699844463653e+01
2.931977430993764244e+01,-1.981301954244638546e+04,2.893531553222247510e+01
2.887945940227245956e+01,2.781243717853023156e+01,-1.981204496088314409e+04
1.980874270479596817e+04,-2.866345965151299424e+01,-2.869919375484992941e+01
-2.837216433288782014e+01,1.981301871292231590e+04,-2.924985820678757875e+01
-2.700614854142705212e+01,-2.849126316854066943e+01,1.981204440918643377e+04
