fx,fy,fz
4.790402245178069052e+01,-8.525354536407210304e+00,2.508403256969135242e+01
-9.071425100768237826e+00,4.940648540756812679e+01,2.531648873705909963e+01
5.061558980834490740e-07,2.083543814368482572e-06,-1.198638467070279148e+04
-4.820007524509198760e+01,8.865933652797547637e+00,2.488958133455582455e+01
8.772251196037144538e+00,-4.993326066486399384e+01,2.599065023862915425e+01
0.000000000000000000e+00,0.000000000000000000e+00,1.198638730667346499e+04
