fx,fy,fz
3.982316118135539540e+01,-6.184943480162141682e+00,2.431473977162573874e+01
-6.572576388004178760e+00,4.104842496469533586e+01,2.459958607198354485e+01
2.012185210675809799e-06,2.697945306717741687e-06,-8.590044411485923774e+03
-4.001265086840368213e+01,6.436428269933445634e+00,2.422334172667985541e+01
6.326109778681603402e+00,-4.140466104043421325e+01,2.507916333258987152e+01
0.000000000000000000e+00,0.000000000000000000e+00,8.590047971267134926e+03
