fx,fy,fz
-1.604805941923057446e+02,-2.957525640610615625e+00,-1.066524380417434941e+02
-2.771874299597437918e+00,-1.657639354249722032e+02,-1.093960541948101479e+02
3.512670838645703952e-06,3.131218949903313842e-06,-5.303654959243051053e+03
1.617631781504162234e+02,2.699239626871218434e+00,-1.075527740035158502e+02
2.267622686584238600e+00,1.640014887471480733e+02,-1.058669138605209668e+02
0.000000000000000000e+00,0.000000000000000000e+00,5.303655615897580901e+03
