fx,fy,fz
3.102013221496510198e+01,-4.633456361204480345e+00,2.184624861884344682e+01
-4.896195662913395807e+00,3.200903290710293447e+01,2.213584021189419815e+01
2.422348361674764305e-06,2.979198473918032164e-06,-6.237754242332971444e+03
-3.115658376735226298e+01,4.823133987885968033e+00,2.180107534150319992e+01
4.722415429220153449e+00,-3.221171242161604908e+01,2.251022570573097781e+01
0.000000000000000000e+00,0.000000000000000000e+00,6.237758758871797909e+03
