ux,uy,uz
8.122135000150216613e-35,-1.253388304658430672e-33,-1.099510393534726367e-33
2.000000000000000000e+01,0.000000000000000000e+00,-2.000000000000000000e+01
5.091445217666123572e-34,-4.307940552450903550e-34,-4.921530315782315999e-68
2.876541303149436707e-48,4.307940552450832561e-34,5.091445217666086795e-34
