fx,fy,fz
-6.666666666666679930e+02,8.888888888888629936e+01,6.666666666666675383e+02
3.410605131648480892e-13,6.844444444444433202e+02,8.888888888888831730e+01
8.888888888888905626e+01,-6.844444444444430928e+02,-2.273736754432320595e-13
