fx,fy,fz
-5.777777777777786241e+02,8.888888888888652673e+01,7.555555555555556566e+02
6.666666666666679930e+02,-8.888888888888627093e+01,-6.666666666666675383e+02
-8.888888888888902784e+01,6.844444444444430928e+02,1.989519660128280520e-13
-3.126388037344440818e-13,-6.844444444444433202e+02,-8.888888888888834572e+01
