fx,fy,fz
-6.400268165428410327e+01,-1.327157930812119302e+00,-5.154179307383624575e+01
-1.257277710370900969e+00,-6.640644903163550339e+01,-5.294443870217617132e+01
5.370913152891176878e-06,5.902349893283087567e-06,-2.240703304904413471e+03
6.450031461810024780e+01,1.243982730257418901e+00,-5.203901517634386664e+01
1.075823340446851351e+00,6.532150691849120960e+01,-5.139631779361054953e+01
0.000000000000000000e+00,0.000000000000000000e+00,2.240704215237910830e+03
