fx,fy,fz
1.895214687536042106e+02,-1.011848589335920678e+01,8.129128538211549682e+00
-3.048001198780877274e+00,6.014468505472658762e+03,4.925756102254453594e+00
1.172090166599279559e+00,-7.618974042943705172e+00,-4.705006953996965422e+03
-1.895214687505498148e+02,9.933774149503442175e+00,-7.783576686012732893e+00
3.421184847738507173e+00,-6.014468505468631520e+03,-4.669892052175640629e+00
-1.772653545386840612e+00,8.699911172513381530e+00,4.705006953997261917e+03
