fx,fy,fz
-2.109176552689296713e+01,-1.855563769540216068e+00,-3.040540167755881384e+01
-2.049164351767719161e+00,-2.169026460425999758e+01,-3.111032381272088898e+01
5.739535738902290518e-07,8.394772647024595358e-07,-2.990591713262379017e+03
2.095577384423132727e+01,1.894539583732968158e+00,-3.068931661834331592e+01
1.961052981382763738e+00,2.110849139405846131e+01,-3.073458987502932516e+01
0.000000000000000000e+00,0.000000000000000000e+00,2.990592179219958325e+03
