fx,fy,fz
1.391323306951731865e+03,-1.839941731240661227e+01,1.287471479926344031e+00
-5.910065965543539690e+00,1.302096952717523163e+04,-6.521741240622660030e+00
7.589182058616961157e-01,-1.715977841870778775e+01,1.391643418586702637e+03
-1.391323306813146928e+03,1.837890963628913710e+01,-6.806521147452544440e-01
6.586410737706823504e+00,-1.302096952734935621e+04,6.860225685681184515e+00
-1.264291698382598916e+00,1.821194810681781462e+01,-1.391643419278130750e+03
