fx,fy,fz
-1.457249318036110253e+03,-1.417670136369041245e+01,5.606434611645154220e+00
-2.583056583392998817e+00,1.132789192526044644e+04,-3.056339165551715809e+00
5.328893406720400350e+00,-1.330560888801521457e+01,-1.457678709225597458e+03
1.457249318084554261e+03,1.409958333321677060e+01,-5.112367384069051113e+00
3.309720119126513538e+00,-1.132789192522188387e+04,3.340287418700581767e+00
-5.282327584660590603e+00,1.395303167633350938e+01,1.457678709134191422e+03
