fx,fy,fz
-1.177195531930861398e+04,4.476761358044385020e+00,5.582626148031764046e+00
1.827965814496062080e+01,-2.151193866605083713e+03,1.402961614787395561e+00
1.763072645756459167e+01,1.164584671539556027e+00,-2.151005750451631229e+03
1.177195531930688594e+04,-4.353979664711488340e+00,-4.769315614346341548e+00
-1.693358832930628921e+01,2.151193866603848619e+03,-1.285747092200342223e+00
-1.634440199192525256e+01,-1.686987188333095133e+00,2.151005750451316999e+03
