fx,fy,fz
-1.831119233858275038e+04,2.448224030602546009e+00,4.012538061951079982e+00
2.598780192919906540e+01,1.085127517111041698e+03,-6.677449389649039446e+00
2.470560231768261872e+01,-6.654507872313772054e+00,1.085057619610103529e+03
1.831119233858209191e+04,-2.337662597085838456e+00,-3.017929147422867331e+00
-2.388328003740983263e+01,-1.085127517111749739e+03,7.079974872440534917e+00
-2.293738333572710530e+01,6.202696874490651879e+00,-1.085057619610423899e+03
