fx,fy,fz
6.767706510834814537e+01,-1.424798991160770534e+01,1.877880316776925085e+01
-1.529626782739262580e+01,6.969211046156534906e+01,1.866944200430825873e+01
1.451327135360003240e-06,1.415492631551273917e-06,-2.079012213989180600e+04
-6.819516359997157906e+01,1.480130321524408288e+01,1.831224390459934881e+01
1.474910660809740470e+01,-7.088605540151937134e+01,1.972704389757056376e+01
0.000000000000000000e+00,0.000000000000000000e+00,2.079012512040754882e+04
