fx,fy,fz
-3.264410314530302060e+01,-2.723445743539185671e+00,-4.521058301326024065e+01
-3.007743942554524708e+00,-3.356435290467964450e+01,-4.626590565533162192e+01
6.956157502235882362e-07,6.902823277421532566e-07,-4.448867966301483648e+03
3.244950619484225030e+01,2.778664573208232014e+00,-4.563144268959933925e+01
2.871933253506023576e+00,3.270974332745635849e+01,-4.569808811999885023e+01
0.000000000000000000e+00,0.000000000000000000e+00,4.448868376444876048e+03
