fx,fy,fz
-8.487403151916002741e+01,-5.847085035418768229e+00,-1.013863774647465448e+02
-6.457100804190861965e+00,-8.719609896962967355e+01,-1.038117959125213048e+02
9.907662801289518484e-07,2.573699826591280271e-07,-1.004830823811852497e+04
8.450288869136957715e+01,5.947351422850068126e+00,-1.023169613390228534e+02
6.107289145630986127e+00,8.538466092134140695e+01,-1.024470221492832565e+02
0.000000000000000000e+00,0.000000000000000000e+00,1.004830849813397617e+04
