fx,fy,fz
-1.123131510374294919e+02,-2.187323254357686153e+00,-8.205600719077958161e+01
-2.062780914710877767e+00,-1.162594784536089350e+02,-8.422651674264410815e+01
4.418091040570004679e-06,4.293490401874322515e-06,-3.813859032215067145e+03
1.132024927881119396e+02,2.023839177694836344e+00,-8.280013848571051938e+01
1.725630891593573191e+00,1.147065947108064279e+02,-8.164703686481118439e+01
0.000000000000000000e+00,0.000000000000000000e+00,3.813859803811663369e+03
