fx,fy,fz
3.915136055608807908e+01,-6.964951264199165770e+00,2.186870973536536056e+01
-7.402659241550991531e+00,4.041657439123112283e+01,2.209140961763491617e+01
9.352698251419155895e-07,2.192597099437421093e-06,-9.611763877386687454e+03
-3.939398942464619324e+01,7.242770334017318845e+00,2.172193781751529684e+01
7.162386065287043913e+00,-4.080993355177274395e+01,2.264847898764959666e+01
0.000000000000000000e+00,0.000000000000000000e+00,9.611767397102357791e+03
